insert into usr (first_name, middle_name, last_name, e_mail, role_name, birth_date) values
('Илья', 'Иванович', 'Иванов', 'ivanov1@my.example.com', 'user', '2003-07-17'),
('Ильюха', 'Петрович', 'Петров', 'petrov11@my.example.com', 'user', '2003-07-17'),
('Иля', 'Петрович', 'Сидоров', 'sidorov1@my.example.com', 'user', '2003-07-17'),
('Иляха', 'Петрович', 'Сидоров', 'sidorov21@my.example.com', 'user', '2003-07-17'),
('Илюша', 'Петрович', 'Сидоров', 'sidorov31@my.example.com', 'user', '2003-07-17'),
('Илюся', 'Петрович', 'Сидоров', 'sidorov41@my.example.com', 'user', '2003-07-17'),
('Люся', 'Петрович', 'Сидоров', 'sidorov51@my.example.com', 'user', '2003-07-17'),
('Илюня', 'Петрович', 'Сидоров', 'sidorov61@my.example.com', 'user', '2003-07-17'),
('Люня', 'Петрович', 'Сидоров', 'sidorov71@my.example.com', 'user', '2003-07-17'),
('Люля', 'Петрович', 'Сидоров', 'sidorov81@my.example.com', 'user', '2003-07-17');

insert into usr (first_name, middle_name, last_name, e_mail, role_name, birth_date) values
('Артемий', 'Иванович', 'Иванов', 'ivanov1111@my.example.com', 'user', '2003-07-17'),
('Артя', 'Петрович', 'Петров', 'petrov111@my.example.com', 'user', '2004-07-17'),
('Артюня', 'Петрович', 'Сидоров', 'sidorov11@my.example.com', 'user', '2005-07-17'),
('Тюня', 'Петрович', 'Сидоров', 'sidorov211@my.example.com', 'user', '2006-07-17'),
('Артюха', 'Петрович', 'Сидоров', 'sidorov311@my.example.com', 'user', '2007-07-17'),
('Артюша', 'Петрович', 'Сидоров', 'sidorov411@my.example.com', 'user', '2008-07-17'),
('Тюша', 'Петрович', 'Сидоров', 'sidorov511@my.example.com', 'user', '2009-07-17'),
('Артемка', 'Петрович', 'Сидоров', 'sidorov611@my.example.com', 'user', '2010-07-17'),
('Артемчик', 'Петрович', 'Сидоров', 'sidorov711@my.example.com', 'user', '2010-07-17'),
('Тема', 'Петрович', 'Сидоров', 'sidorov811@my.example.com', 'user', '2010-07-17');

insert into university_member (id,user_id, depertment_id, position_id) values
(1, 1, 1, 1),
(2, 2, 1, 2),
(3, 3, 1, 3),
(4, 4, 1, 3),
(5, 5, 1, 3),
(6, 6, 1, 1),
(7, 7, 1, 2),
(8, 8, 1, 3),
(9, 9, 2, 3),
(10, 10, 2, 3),
(11, 11, 2, 1),
(12, 12, 2, 2),
(13, 13, 2, 3),
(14, 14, 2, 3),
(15, 15, 2, 3),
(16, 16, 2, 1),
(17, 17, 2, 2),
(18, 18, 3, 3),
(19, 19, 3, 3),
(20, 20, 3, 3),
(21, 21, 3, 1),
(22, 22, 3, 2),
(23, 23, 3, 3),
(27, 27, 4, 2),
(28, 28, 4, 3),
(29, 29, 4, 3),
(30, 30, 4, 3),
(31, 31, 4, 1),
(32, 32, 4, 2),
(33, 33, 4, 3),
(34, 34, 4, 3),
(35, 35, 4, 3),
(36, 36, 4, 1),
(38, 38, 5, 3),
(39, 39, 5, 3),
(40, 40, 5, 3),
(41, 41, 5, 1),
(42, 42, 5, 2),
(43, 43, 5, 3),
(44, 44, 5, 3),
(45, 45, 5, 3),
(46, 46, 5, 1),
(47, 47, 5, 2);

insert into group_member (id, university_member_id, group_id, group_leader) values
(3, 3, 1, 'z'),
(4, 4, 1, 'z'),
(5, 5, 1, 'z'),
(8, 8, 1, 'z'),
(9, 9, 2, 'B'),
(10, 10, 2, 'B'),
(13, 13, 2, 'B'),
(14, 14, 2, 'B'),
(15, 15, 2, 'B'),
(18, 18, 3, 'C'),
(19, 19, 3, 'C'),
(20, 20, 3, 'C'),
(23, 23, 3, 'C'),
(28, 28, 4, 'D'),
(29, 29, 4, 'D'),
(30, 30, 4, 'D'),
(33, 33, 4, 'D'),
(34, 34, 4, 'D'),
(35, 35, 4, 'D'),
(38, 38, 5, 'E'),
(39, 39, 5, 'E'),
(40, 40, 5, 'E'),
(43, 43, 5, 'E'),
(44, 44, 5, 'E'),
(45, 45, 5, 'E');


insert into department (id, name) values
(1, 'Гриффиндор'),
(2, 'Пуффендуй'),
(3, 'Когтевран'),
(4, 'Слизерин'),
(5, 'Бизнес-информатика');

insert into groups (id, name, course) values
(1, 'БИ-б-о 201', 2),
(2, 'Слизерин 211', 1),
(3, 'Когтевран 191', 3),
(4, 'Пуффендуй 201', 2),
(5, 'Валеология 021', 21);

insert into position (id, name) values
(1, 'Администрация'),
(2, 'Преподаватели'),
(3, 'Студенты');






 
